{
  "project_info": {
    "project_number": "13129749962",
    "project_id": "alertaparati-73cce",
    "storage_bucket": "alertaparati-73cce.appspot.com"
  },
  "client": [
    {
      "client_info": {
        "mobilesdk_app_id": "1:13129749962:android:3660976429aaa778fc6b33",
        "android_client_info": {
          "package_name": "mx.itesm.gfg.alertaparati"
        }
      },
      "oauth_client": [
        {
          "client_id": "13129749962-co3mo8nul3a1k2utjkpb2ug3vgvnqbii.apps.googleusercontent.com",
          "client_type": 3
        }
      ],
      "api_key": [
        {
          "current_key": "AIzaSyD6kMrhBWFPhIeeNXn3iUYiNeznEwD1Ko8"
        }
      ],
      "services": {
        "appinvite_service": {
          "other_platform_oauth_client": [
            {
              "client_id": "13129749962-co3mo8nul3a1k2utjkpb2ug3vgvnqbii.apps.googleusercontent.com",
              "client_type": 3
            }
          ]
        }
      }
    }
  ],
  "configuration_version": "1"
}